Date,"Iron ore, cfr spot ($/dmtu)","Crude oil, Brent ($/bbl)","Coal, Australian ($/mt)",EXCHUS,Output of Crude Iron Ore Current Period(10000 tons),Output of Crude Steel Current Period(10000 tons),Output of Electricity Current Period(100 million kwh),Total Value of Imports and Exports Growth Rate (The same period last year=100)(%),Total Value of Exports Current Period(1000 US dollars),Total Value of Imports Current Period(1000 US dollars),Gross Domestic Product Current Quarter(100 million yuan),Gross Output Value of Construction Accumulated (100 million yuan),"Industry (including construction), value added (% of GDP)","Inflation, GDP deflator (annual %)","Inflation, consumer prices (annual %)","Foreign direct investment, net inflows (% of GDP)",GNI growth (annual %),Trade (% of GDP)
2007-12-01,190.12,91.45,91.00,7.3682,6815.3,4131.4,2946.9,23.4,114415986.0,91728981.0,,,,,,,,
2008-01-01,193.37,91.92,91.75,7.2405,6815.3,4131.4,2946.9,27.1,109640030.0,90174447.0,69373.6,8347.03,46.97117236,7.795346037,5.92525137,3.733610711,10.08603993,57.61234224
2008-02-01,186.12,94.82,132.00,7.1644,5322.7,3888.4,2337.8,18.4,87367796.0,78813133.0,69373.6,8347.03,46.97117236,7.795346037,5.92525137,3.733610711,10.08603993,57.61234224
2008-03-01,197.12,103.28,118.25,7.0722,6609.2,4486.8,2897.8,27.8,108962891.0,95556142.0,69373.6,8347.03,46.97117236,7.795346037,5.92525137,3.733610711,10.08603993,57.61234224
2008-04-01,195.95,110.19,123.00,6.9997,6818.6,4467.6,2814.3,23.9,118771084.0,102102683.0,78711.8,22664.53,46.97117236,7.795346037,5.92525137,3.733610711,10.08603993,57.61234224
2008-05-01,192.95,123.94,133.20,6.9725,7549.3,4601.3,2933.8,33.2,120496491.0,100286062.0,78711.8,22664.53,46.97117236,7.795346037,5.92525137,3.733610711,10.08603993,57.61234224
2008-06-01,183.93,133.05,159.75,6.8993,8156.4,4694.4,2934.5,23.3,121179554.0,100179936.0,78711.8,22664.53,46.97117236,7.795346037,5.92525137,3.733610711,10.08603993,57.61234224
2008-07-01,180.50,133.87,180.00,6.8355,6373.6,4488.6,3195.4,29.8,136675046.0,111397147.0,82460.1,37552.37,46.97117236,7.795346037,5.92525137,3.733610711,10.08603993,57.61234224
2008-08-01,178.74,113.85,158.40,6.8462,6241.0,4256.8,3160.6,22.0,134872675.0,106178493.0,82460.1,37552.37,46.97117236,7.795346037,5.92525137,3.733610711,10.08603993,57.61234224
2008-09-01,139.64,99.06,150.00,6.8307,6482.8,3961.4,2892.5,21.4,136432088.0,107065274.0,82460.1,37552.37,46.97117236,7.795346037,5.92525137,3.733610711,10.08603993,57.61234224
2008-10-01,88.67,72.84,108.00,6.8358,6785.0,3590.1,2645.0,17.6,128327028.0,93087686.0,88699.0,61144.26,46.97117236,7.795346037,5.92525137,3.733610711,10.08603993,57.61234224
2008-11-01,64.95,53.24,92.25,6.8281,7238.5,3518.9,2540.2,-9.0,114987285.0,74897470.0,88699.0,61144.26,46.97117236,7.795346037,5.92525137,3.733610711,10.08603993,57.61234224
2008-12-01,69.98,41.58,78.65,6.8539,6105.9,3779.2,2739.6,-11.1,111157222.0,72177186.0,88699.0,61144.26,46.97117236,7.795346037,5.92525137,3.733610711,10.08603993,57.61234224
2009-01-01,72.51,44.86,79.40,6.836,6105.9,3779.2,2739.6,-29.0,90453600.0,51344264.0,73979.2,10116.62,45.95714729,-0.209533361,-0.728165251,2.568894307,8.532755388,45.18497621
2009-02-01,75.59,43.24,75.38,6.8363,5819.0,4042.2,2449.4,-24.9,64894649.0,60053658.0,73979.2,10116.62,45.95714729,-0.209533361,-0.728165251,2.568894307,8.532755388,45.18497621
2009-03-01,64.07,46.84,61.00,6.836,6172.2,4510.1,2833.6,-20.9,90290547.0,71729112.0,73979.2,10116.62,45.95714729,-0.209533361,-0.728165251,2.568894307,8.532755388,45.18497621
2009-04-01,59.78,50.85,63.56,6.8306,6078.8,4341.3,2712.9,-22.8,91934722.0,78799687.0,83865.8,27502.2,45.95714729,-0.209533361,-0.728165251,2.568894307,8.532755388,45.18497621
2009-05-01,62.69,57.94,64.50,6.8235,6555.6,4646.0,2838.9,-25.9,88757886.0,75369356.0,83865.8,27502.2,45.95714729,-0.209533361,-0.728165251,2.568894307,8.532755388,45.18497621
2009-06-01,71.66,68.62,71.38,6.8334,8326.9,4942.5,3100.1,-17.7,95411208.0,87159545.0,83865.8,27502.2,45.95714729,-0.209533361,-0.728165251,2.568894307,8.532755388,45.18497621
2009-07-01,83.95,64.91,73.80,6.8317,7686.8,5067.6,3345.0,-19.4,105420240.0,94790583.0,89846.9,46518.27,45.95714729,-0.209533361,-0.728165251,2.568894307,8.532755388,45.18497621
2009-08-01,97.67,72.50,72.50,6.8323,7668.3,5232.7,3443.2,-20.6,103707009.0,87995234.0,89846.9,46518.27,45.95714729,-0.209533361,-0.728165251,2.568894307,8.532755388,45.18497621
2009-09-01,80.71,67.69,67.64,6.8277,8542.7,5071.1,3203.3,-10.1,115937994.0,103005871.0,89846.9,46518.27,45.95714729,-0.209533361,-0.728165251,2.568894307,8.532755388,45.18497621
2009-10-01,86.79,73.19,71.07,6.8267,8387.6,5174.7,3121.0,-10.7,110762383.0,86774749.0,100825.8,75863.78,45.95714729,-0.209533361,-0.728165251,2.568894307,8.532755388,45.18497621
2009-11-01,99.26,77.04,78.80,6.8271,8678.1,4726.2,3234.1,9.8,113653429.0,94560431.0,100825.8,75863.78,45.95714729,-0.209533361,-0.728165251,2.568894307,8.532755388,45.18497621
2009-12-01,105.07,74.67,83.10,6.8275,8824.8,4766.4,3497.8,32.7,130723881.0,112293713.0,100825.8,75863.78,45.95714729,-0.209533361,-0.728165251,2.568894307,8.532755388,45.18497621
2010-01-01,125.72,76.37,97.00,6.8269,8824.8,4766.4,3497.8,44.4,109475299.0,95307047.0,87501.3,12706.9,46.49783114,6.881380253,3.175324753,4.003544569,10.33525138,50.71707766
2010-02-01,127.49,74.31,94.19,6.8285,6150.9,5035.7,2695.9,45.2,94522714.0,86910333.0,87501.3,12706.9,46.49783114,6.881380253,3.175324753,4.003544569,10.33525138,50.71707766
2010-03-01,139.69,79.27,94.38,6.8262,7972.4,5496.8,3369.5,42.8,112111793.0,119348092.0,87501.3,12706.9,46.49783114,6.881380253,3.175324753,4.003544569,10.33525138,50.71707766
2010-04-01,172.47,84.98,100.15,6.8256,8807.4,5540.3,3316.4,39.4,119920666.0,118239462.0,99347.4,34193.4,46.49783114,6.881380253,3.175324753,4.003544569,10.33525138,50.71707766
2010-05-01,161.35,76.25,100.13,6.8275,9105.6,5614.3,3404.7,48.4,131760663.0,112227749.0,99347.4,34193.4,46.49783114,6.881380253,3.175324753,4.003544569,10.33525138,50.71707766
2010-06-01,143.63,74.84,98.19,6.8184,10155.2,5376.6,3466.6,39.2,137395578.0,117373726.0,99347.4,34193.4,46.49783114,6.881380253,3.175324753,4.003544569,10.33525138,50.71707766
2010-07-01,126.36,74.74,95.98,6.7762,9759.1,5174.3,3776.4,30.8,145519322.0,116788934.0,105963.7,57626.54,46.49783114,6.881380253,3.175324753,4.003544569,10.33525138,50.71707766
2010-08-01,145.34,76.69,89.78,6.7873,9957.5,5163.6,3903.3,34.7,139302230.0,119266152.0,105963.7,57626.54,46.49783114,6.881380253,3.175324753,4.003544569,10.33525138,50.71707766
2010-09-01,140.63,77.79,94.90,6.7396,9354.7,4794.5,3486.5,24.7,144985285.0,128110304.0,105963.7,57626.54,46.49783114,6.881380253,3.175324753,4.003544569,10.33525138,50.71707766
2010-10-01,148.48,82.92,97.45,6.6678,9548.7,5030.4,3328.8,24.0,135978419.0,108832701.0,119306.8,95205.82,46.49783114,6.881380253,3.175324753,4.003544569,10.33525138,50.71707766
2010-11-01,156.10,85.67,107.16,6.6538,9558.1,5017.3,3453.4,36.2,153325762.0,130435945.0,119306.8,95205.82,46.49783114,6.881380253,3.175324753,4.003544569,10.33525138,50.71707766
2010-12-01,163.10,91.80,118.29,6.6497,9820.9,5152.4,3677.8,21.4,154148895.0,141068833.0,119306.8,95205.82,46.49783114,6.881380253,3.175324753,4.003544569,10.33525138,50.71707766
2011-01-01,179.18,96.29,132.48,6.5964,9820.9,5152.4,3677.8,43.9,150734151.0,144273210.0,104469.9,16096.38,46.52928947,8.075684467,5.553898923,3.708806517,8.986772808,50.74090459
2011-02-01,187.18,103.96,128.36,6.5761,7244.6,5430.7,3100.8,10.6,96736127.0,104063964.0,104469.9,16096.38,46.52928947,8.075684467,5.553898923,3.708806517,8.986772808,50.74090459
2011-03-01,169.36,114.44,126.13,6.5645,9443.5,5941.8,3830.1,31.4,152199071.0,152060308.0,104469.9,16096.38,46.52928947,8.075684467,5.553898923,3.708806517,8.986772808,50.74090459
2011-04-01,179.33,123.07,122.50,6.5267,9776.6,5903.2,3663.8,25.9,155684084.0,144263081.0,118895.9,43110.89,46.52928947,8.075684467,5.553898923,3.708806517,8.986772808,50.74090459
2011-05-01,177.05,114.46,119.12,6.4957,10246.7,6024.5,3775.4,23.5,157157191.0,144110223.0,118895.9,43110.89,46.52928947,8.075684467,5.553898923,3.708806517,8.986772808,50.74090459
2011-06-01,170.88,113.76,120.09,6.4746,12401.4,5993.2,3968.2,18.5,161980774.0,139708198.0,118895.9,43110.89,46.52928947,8.075684467,5.553898923,3.708806517,8.986772808,50.74090459
2011-07-01,172.98,116.46,120.75,6.4575,11696.0,5930.0,4251.5,21.5,175128036.0,143644427.0,126562.2,72465.67,46.52928947,8.075684467,5.553898923,3.708806517,8.986772808,50.74090459
2011-08-01,177.50,110.08,120.13,6.4036,12755.2,5875.2,4260.4,27.1,173315697.0,155556739.0,126562.2,72465.67,46.52928947,8.075684467,5.553898923,3.708806517,8.986772808,50.74090459
2011-09-01,177.23,110.88,123.09,6.3885,12750.4,5670.0,3860.6,18.9,169673012.0,155159080.0,126562.2,72465.67,46.52928947,8.075684467,5.553898923,3.708806517,8.986772808,50.74090459
2011-10-01,150.43,109.47,119.39,6.371,13241.3,5467.3,3640.4,21.6,157490772.0,140457698.0,138012.1,117734.16,46.52928947,8.075684467,5.553898923,3.708806517,8.986772808,50.74090459
2011-11-01,135.54,110.50,113.78,6.3564,12637.0,4988.3,3713.0,17.6,174464123.0,159935995.0,138012.1,117734.16,46.52928947,8.075684467,5.553898923,3.708806517,8.986772808,50.74090459
2011-12-01,136.39,107.91,111.56,6.3482,11925.7,5216.4,4038.1,12.6,174717651.0,158196889.0,138012.1,117734.16,46.52928947,8.075684467,5.553898923,3.708806517,8.986772808,50.74090459
2012-01-01,140.26,111.16,116.46,6.3172,11925.7,5216.4,4038.1,-7.8,149939113.0,122661227.0,117357.6,18830.64,45.42298074,2.331217576,2.619524326,2.827105336,8.645436706,48.26752237
2012-02-01,140.40,119.70,117.02,6.2997,8156.6,5588.3,3701.7,29.4,114470693.0,145954014.0,117357.6,18830.64,45.42298074,2.331217576,2.619524326,2.827105336,8.645436706,48.26752237
2012-03-01,144.66,124.93,107.46,6.3125,10331.1,6158.1,4109.2,7.1,165658100.0,160310799.0,117357.6,18830.64,45.42298074,2.331217576,2.619524326,2.827105336,8.645436706,48.26752237
2012-04-01,147.64,120.46,103.59,6.3043,10401.9,6057.5,3718.2,2.7,163251712.0,144824524.0,131320.6,50459.69,45.42298074,2.331217576,2.619524326,2.827105336,8.645436706,48.26752237
2012-05-01,136.61,110.52,95.83,6.3242,11235.3,6123.4,3898.1,14.1,181140762.0,162441440.0,131320.6,50459.69,45.42298074,2.331217576,2.619524326,2.827105336,8.645436706,48.26752237
2012-06-01,134.66,95.59,87.19,6.3633,12569.3,6021.3,3933.5,9.0,180204470.0,148482365.0,131320.6,50459.69,45.42298074,2.331217576,2.619524326,2.827105336,8.645436706,48.26752237
2012-07-01,127.94,103.14,88.24,6.3717,11546.1,6169.3,4351.2,2.7,176940032.0,151793278.0,138089.6,85243.24,45.42298074,2.331217576,2.619524326,2.827105336,8.645436706,48.26752237
2012-08-01,107.50,113.34,91.00,6.3593,11656.9,5870.3,4372.8,0.2,177973297.0,151312746.0,138089.6,85243.24,45.42298074,2.331217576,2.619524326,2.827105336,8.645436706,48.26752237
2012-09-01,99.47,113.38,88.96,6.32,12906.2,5794.6,3907.3,6.3,186349509.0,158680480.0,138089.6,85243.24,45.42298074,2.331217576,2.619524326,2.827105336,8.645436706,48.26752237
2012-10-01,113.95,111.97,81.85,6.2627,12485.3,5909.6,3897.7,7.3,175571102.0,143524416.0,151812.0,135303.34,45.42298074,2.331217576,2.619524326,2.827105336,8.645436706,48.26752237
2012-11-01,120.35,109.71,85.89,6.2338,12463.5,5747.1,4010.5,1.5,179380767.0,159747492.0,151812.0,135303.34,45.42298074,2.331217576,2.619524326,2.827105336,8.645436706,48.26752237
2012-12-01,128.51,109.68,92.88,6.2328,11947.9,5765.6,4327.2,10.2,199229682.0,167611245.0,151812.0,135303.34,45.42298074,2.331217576,2.619524326,2.827105336,8.645436706,48.26752237
2013-01-01,150.49,112.97,92.77,6.2215,11947.9,5765.6,4327.2,26.7,187365572.0,158219313.0,129449.6,22633.85,44.17670454,2.163370027,2.621050017,3.039854863,7.13222774,46.74437558
2013-02-01,154.64,116.52,94.94,6.2323,11947.9,5765.6,4327.2,1.0,139367235.0,124141775.0,129449.6,22633.85,44.17670454,2.163370027,2.621050017,3.039854863,7.13222774,46.74437558
2013-03-01,139.87,109.24,90.98,6.2154,11220.9,6629.6,4194.3,12.1,182189999.0,183013097.0,129449.6,22633.85,44.17670454,2.163370027,2.621050017,3.039854863,7.13222774,46.74437558
2013-04-01,137.39,102.88,87.76,6.1861,11053.3,6565.0,3994.4,15.7,187061474.0,168899994.0,143518.7,60177.11,44.17670454,2.163370027,2.621050017,3.039854863,7.13222774,46.74437558
2013-05-01,124.01,103.03,87.71,6.1416,11679.1,6703.4,4104.1,0.4,182766116.0,162341158.0,143518.7,60177.11,44.17670454,2.163370027,2.621050017,3.039854863,7.13222774,46.74437558
2013-06-01,114.82,103.11,82.75,6.1342,12925.2,6466.4,4252.6,-2.0,174315796.0,147191392.0,143518.7,60177.11,44.17670454,2.163370027,2.621050017,3.039854863,7.13222774,46.74437558
2013-07-01,127.19,107.72,77.26,6.1343,12052.6,6547.4,4794.5,7.8,185991317.0,168173366.0,152222.7,101498.21,44.17670454,2.163370027,2.621050017,3.039854863,7.13222774,46.74437558
2013-08-01,137.06,110.96,76.96,6.1213,12983.8,6627.6,4987.0,7.1,190608317.0,162089547.0,152222.7,101498.21,44.17670454,2.163370027,2.621050017,3.039854863,7.13222774,46.74437558
2013-09-01,134.19,111.62,77.61,6.1198,13664.1,6542.2,4310.4,3.3,185643576.0,170426362.0,152222.7,101498.21,44.17670454,2.163370027,2.621050017,3.039854863,7.13222774,46.74437558
2013-10-01,132.57,109.48,79.41,6.1032,13487.5,6507.9,4305.2,6.5,185405576.0,154298864.0,167772.3,159312.95,44.17670454,2.163370027,2.621050017,3.039854863,7.13222774,46.74437558
2013-11-01,136.32,108.08,82.25,6.0929,13865.9,6087.8,4391.8,9.3,202204803.0,168403885.0,167772.3,159312.95,44.17670454,2.163370027,2.621050017,3.039854863,7.13222774,46.74437558
2013-12-01,135.79,110.67,84.34,6.0738,13185.0,6235.3,4779.6,6.2,207742423.0,182101573.0,167772.3,159312.95,44.17670454,2.163370027,2.621050017,3.039854863,7.13222774,46.74437558
2014-01-01,128.12,107.42,81.61,6.0509,13185.0,6235.3,4779.6,10.3,207132123.0,175262820.0,140759.8,26238.12,43.08556811,1.031063688,1.921641628,2.55924761,8.456223786,44.90521595
2014-02-01,121.37,108.81,76.29,6.0816,13185.0,6235.3,3833.6,-4.8,114093694.0,137082488.0,140759.8,26238.12,43.08556811,1.031063688,1.921641628,2.55924761,8.456223786,44.90521595
2014-03-01,111.83,107.40,73.34,6.1729,12093.1,7024.7,4527.7,-9.0,170107988.0,162404693.0,140759.8,26238.12,43.08556811,1.031063688,1.921641628,2.55924761,8.456223786,44.90521595
2014-04-01,114.58,107.79,72.82,6.2246,12237.2,6883.5,4250.2,0.8,188540548.0,170087977.0,156489.6,69399.7,43.08556811,1.031063688,1.921641628,2.55924761,8.456223786,44.90521595
2014-05-01,100.56,109.68,73.69,6.238,13194.1,7043.4,4415.9,3.0,195472920.0,159551189.0,156489.6,69399.7,43.08556811,1.031063688,1.921641628,2.55924761,8.456223786,44.90521595
2014-06-01,92.74,111.87,71.48,6.2306,13932.4,6929.3,4580.7,6.4,186788537.0,155223841.0,156489.6,69399.7,43.08556811,1.031063688,1.921641628,2.55924761,8.456223786,44.90521595
2014-07-01,96.05,106.98,68.75,6.1984,13674.1,6832.4,5047.9,6.9,212891063.0,165590512.0,165484.7,115247.52,43.08556811,1.031063688,1.921641628,2.55924761,8.456223786,44.90521595
2014-08-01,92.61,101.92,68.94,6.1541,13652.0,6891.3,4959.3,4.0,208465863.0,158629387.0,165484.7,115247.52,43.08556811,1.031063688,1.921641628,2.55924761,8.456223786,44.90521595
2014-09-01,82.38,97.34,65.94,6.1382,13735.2,6754.2,4541.7,11.3,213687462.0,182724108.0,165484.7,115247.52,43.08556811,1.031063688,1.921641628,2.55924761,8.456223786,44.90521595
2014-10-01,81.06,87.27,63.71,6.1251,13484.4,6751.9,4446.4,8.4,206866715.0,161461228.0,180828.9,176713.4,43.08556811,1.031063688,1.921641628,2.55924761,8.456223786,44.90521595
2014-11-01,73.73,78.44,62.55,6.1249,12817.9,6330.3,4487.2,-0.5,211662669.0,157186291.0,180828.9,176713.4,43.08556811,1.031063688,1.921641628,2.55924761,8.456223786,44.90521595
2014-12-01,68.39,62.33,62.44,6.1886,12627.0,6809.1,4902.2,4.0,227512544.0,177900669.0,180828.9,176713.4,43.08556811,1.031063688,1.921641628,2.55924761,8.456223786,44.90521595
2015-01-01,68.23,48.07,61.44,6.2181,12627.0,6809.1,4902.2,-10.9,200258035.0,140226150.0,151137.9,28895.36,40.84133997,-0.002944094,1.437023809,2.192177731,6.385139208,39.46416934
2015-02-01,62.75,57.93,69.05,6.2518,8240.2,6172.0,3653.9,10.8,169190546.0,108571550.0,151137.9,28895.36,40.84133997,-0.002944094,1.437023809,2.192177731,6.385139208,39.46416934
2015-03-01,58.05,55.79,64.76,6.2386,10510.1,6948.3,4510.6,-13.8,144568557.0,141487341.0,151137.9,28895.36,40.84133997,-0.002944094,1.437023809,2.192177731,6.385139208,39.46416934
2015-04-01,52.28,59.39,56.24,6.201,10409.5,6891.0,4450.3,-11.1,176330816.0,142196335.0,168549.7,72374.43,40.84133997,-0.002944094,1.437023809,2.192177731,6.385139208,39.46416934
2015-05-01,60.30,64.56,61.19,6.2035,11766.2,6995.3,4562.2,-9.3,190057568.0,131190146.0,168549.7,72374.43,40.84133997,-0.002944094,1.437023809,2.192177731,6.385139208,39.46416934
2015-06-01,62.63,62.34,58.96,6.2052,12848.1,6894.6,4745.3,-1.2,191975441.0,145436663.0,168549.7,72374.43,40.84133997,-0.002944094,1.437023809,2.192177731,6.385139208,39.46416934
2015-07-01,52.39,55.87,59.90,6.2085,12619.0,6583.6,5089.6,-8.2,195096520.0,152071574.0,176597.7,117947.3,40.84133997,-0.002944094,1.437023809,2.192177731,6.385139208,39.46416934
2015-08-01,56.19,46.99,59.14,6.3383,12381.4,6694.4,5155.3,-9.1,196868247.0,136628528.0,176597.7,117947.3,40.84133997,-0.002944094,1.437023809,2.192177731,6.385139208,39.46416934
2015-09-01,56.95,47.24,57.65,6.3676,13156.4,6611.8,4547.8,-11.4,205554591.0,145212712.0,176597.7,117947.3,40.84133997,-0.002944094,1.437023809,2.192177731,6.385139208,39.46416934
2015-10-01,53.12,48.12,54.26,6.3505,12534.8,6612.4,4453.5,-12.1,192395789.0,130752399.0,192572.9,180757.47,40.84133997,-0.002944094,1.437023809,2.192177731,6.385139208,39.46416934
2015-11-01,46.86,44.42,52.47,6.364,11753.3,6331.7,4660.4,-7.6,196463224.0,142718411.0,192572.9,180757.47,40.84133997,-0.002944094,1.437023809,2.192177731,6.385139208,39.46416934
2015-12-01,40.50,37.72,52.21,6.4491,11967.2,6437.2,4910.3,-4.1,223683502.0,164294338.0,192572.9,180757.47,40.84133997,-0.002944094,1.437023809,2.192177731,6.385139208,39.46416934
2016-01-01,41.88,30.80,49.02,6.5726,11967.2,6437.2,4910.3,-14.3,177185706.0,113898862.0,162410.0,30849.97,39.5806215,1.407346027,2.000001822,1.555636999,6.826359839,36.89441502
2016-02-01,46.83,33.20,50.27,6.5501,11967.2,6437.2,4910.3,-20.8,126144745.0,93552261.0,162410.0,30849.97,39.5806215,1.407346027,2.000001822,1.555636999,6.826359839,36.89441502
2016-03-01,56.20,39.07,52.21,6.5027,9815.8,7065.3,4778.8,2.0,160813329.0,130956404.0,162410.0,30849.97,39.5806215,1.407346027,2.000001822,1.555636999,6.826359839,36.89441502
2016-04-01,60.92,42.25,50.69,6.4754,10256.7,6942.1,4444.5,-5.8,172757807.0,127200204.0,181408.2,77461.75,39.5806215,1.407346027,2.000001822,1.555636999,6.826359839,36.89441502
2016-05-01,55.13,47.13,51.31,6.5259,10754.1,7050.4,4635.9,-2.6,181059364.0,131083858.0,181408.2,77461.75,39.5806215,1.407346027,2.000001822,1.555636999,6.826359839,36.89441502
2016-06-01,51.98,48.48,52.85,6.5892,12106.4,6946.9,4907.9,-6.4,180183971.0,132275084.0,181408.2,77461.75,39.5806215,1.407346027,2.000001822,1.555636999,6.826359839,36.89441502
2016-07-01,57.26,45.07,61.24,6.6771,11574.3,6680.7,5506.1,-7.9,182642116.0,132414757.0,191010.6,125791.6,39.5806215,1.407346027,2.000001822,1.555636999,6.826359839,36.89441502
2016-08-01,60.89,46.14,67.39,6.6466,11506.9,6857.1,5617.2,-1.1,190592312.0,138543027.0,191010.6,125791.6,39.5806215,1.407346027,2.000001822,1.555636999,6.826359839,36.89441502
2016-09-01,57.79,46.19,72.72,6.6702,11892.7,6817.0,4912.8,-6.6,184498014.0,142520352.0,191010.6,125791.6,39.5806215,1.407346027,2.000001822,1.555636999,6.826359839,36.89441502
2016-10-01,59.09,49.73,94.20,6.7303,11928.9,6850.8,4875.8,-4.9,177867030.0,129102640.0,211566.2,193566.78,39.5806215,1.407346027,2.000001822,1.555636999,6.826359839,36.89441502
2016-11-01,73.10,46.44,103.43,6.8402,11667.9,6629.0,5034.1,2.9,193546446.0,149316792.0,211566.2,193566.78,39.5806215,1.407346027,2.000001822,1.555636999,6.826359839,36.89441502
2016-12-01,80.02,54.07,88.15,6.9198,11938.6,6721.9,5328.9,-2.2,209417479.0,168599109.0,211566.2,193566.78,39.5806215,1.407346027,2.000001822,1.555636999,6.826359839,36.89441502
2017-01-01,80.41,54.89,83.73,6.8907,11938.6,6721.9,5328.9,11.4,182752414.0,131409245.0,181867.7,34188.67,39.85169845,4.232681975,1.593136001,1.349123696,7.348349036,37.63241324
2017-02-01,89.44,55.49,79.98,6.8694,11938.6,6721.9,5328.9,15.8,120078967.0,129226647.0,181867.7,34188.67,39.85169845,4.232681975,1.593136001,1.349123696,7.348349036,37.63241324
2017-03-01,87.65,51.97,80.90,6.894,11361.0,7199.5,5168.9,18.2,180600668.0,156684253.0,181867.7,34188.67,39.85169845,4.232681975,1.593136001,1.349123696,7.348349036,37.63241324
2017-04-01,70.22,52.98,83.65,6.8876,10337.2,7277.7,4767.2,9.7,179988316.0,141955685.0,201950.3,85871.09,39.85169845,4.232681975,1.593136001,1.349123696,7.348349036,37.63241324
2017-05-01,62.43,50.87,74.42,6.8843,10748.1,7225.9,4947.0,11.3,191014115.0,150220190.0,201950.3,85871.09,39.85169845,4.232681975,1.593136001,1.349123696,7.348349036,37.63241324
2017-06-01,57.48,46.89,81.09,6.8066,12469.3,7323.1,5203.0,13.8,196590894.0,153838330.0,201950.3,85871.09,39.85169845,4.232681975,1.593136001,1.349123696,7.348349036,37.63241324
2017-07-01,67.74,48.69,87.49,6.7694,11466.4,7402.1,6047.4,8.8,193601151.0,146876295.0,212789.3,139259.73,39.85169845,4.232681975,1.593136001,1.349123696,7.348349036,37.63241324
2017-08-01,76.07,51.37,98.58,6.667,11549.1,7459.4,5945.5,8.8,199342432.0,157423163.0,212789.3,139259.73,39.85169845,4.232681975,1.593136001,1.349123696,7.348349036,37.63241324
2017-09-01,71.53,55.16,97.82,6.569,11912.6,7182.7,5219.6,12.7,198231216.0,169625750.0,212789.3,139259.73,39.85169845,4.232681975,1.593136001,1.349123696,7.348349036,37.63241324
2017-10-01,61.66,57.62,97.11,6.6254,12007.4,7236.2,5038.1,11.2,188979730.0,150794685.0,235428.7,213953.96,39.85169845,4.232681975,1.593136001,1.349123696,7.348349036,37.63241324
2017-11-01,64.24,62.57,96.64,6.62,10965.8,6615.1,5196.3,14.7,217382015.0,177167943.0,235428.7,213953.96,39.85169845,4.232681975,1.593136001,1.349123696,7.348349036,37.63241324
2017-12-01,72.25,64.21,100.81,6.5932,10922.4,6704.7,5698.6,8.0,231796372.0,177111682.0,235428.7,213953.96,39.85169845,4.232681975,1.593136001,1.349123696,7.348349036,37.63241324
2018-01-01,76.34,68.99,106.45,6.4233,10922.4,6704.7,5698.6,22.0,200491435.0,180142312.0,202035.7,38691.96,39.68701182,3.499747636,2.0747904,1.693894284,6.41743299,37.5657841
2018-02-01,77.46,65.42,105.95,6.3183,10922.4,6704.7,5698.6,24.5,171616391.0,137864792.0,202035.7,38691.96,39.68701182,3.499747636,2.0747904,1.693894284,6.41743299,37.5657841
2018-03-01,70.35,66.45,96.66,6.3174,6688.5,7398.0,5283.4,5.3,174121483.0,179104260.0,202035.7,38691.96,39.68701182,3.499747636,2.0747904,1.693894284,6.41743299,37.5657841
2018-04-01,65.75,71.63,93.69,6.2967,6746.8,7669.8,5107.8,16.6,200035315.0,171653187.0,223962.2,94790.39,39.68701182,3.499747636,2.0747904,1.693894284,6.41743299,37.5657841
2018-05-01,66.10,76.65,105.29,6.3701,6725.3,8112.7,5443.3,18.5,212869326.0,187947777.0,223962.2,94790.39,39.68701182,3.499747636,2.0747904,1.693894284,6.41743299,37.5657841
2018-06-01,65.04,75.19,114.33,6.4651,6550.2,8019.6,5550.6,12.5,216597141.0,175127271.0,223962.2,94790.39,39.68701182,3.499747636,2.0747904,1.693894284,6.41743299,37.5657841
2018-07-01,64.56,74.44,119.57,6.7164,6476.0,8124.1,6400.2,18.8,215565384.0,187515616.0,234474.3,152326.24,39.68701182,3.499747636,2.0747904,1.693894284,6.41743299,37.5657841
2018-08-01,67.15,73.13,117.34,6.8453,6465.9,8032.6,6404.9,14.3,217372208.0,189485783.0,234474.3,152326.24,39.68701182,3.499747636,2.0747904,1.693894284,6.41743299,37.5657841
2018-09-01,68.44,78.86,114.16,6.8551,6692.7,8084.5,5483.1,14.4,226686815.0,194984435.0,234474.3,152326.24,39.68701182,3.499747636,2.0747904,1.693894284,6.41743299,37.5657841
2018-10-01,73.41,80.47,108.73,6.9191,6882.2,8255.2,5330.2,18.2,217283435.0,183266962.0,258808.9,235085.53,39.68701182,3.499747636,2.0747904,1.693894284,6.41743299,37.5657841
2018-11-01,73.26,65.17,100.73,6.9367,6889.3,7762.1,5543.0,4.3,227445523.0,182740526.0,258808.9,235085.53,39.68701182,3.499747636,2.0747904,1.693894284,6.41743299,37.5657841
2018-12-01,69.16,56.46,101.37,6.8837,6842.2,7612.1,6199.9,-5.8,221249124.0,164193569.0,258808.9,235085.53,39.68701182,3.499747636,2.0747904,1.693894284,6.41743299,37.5657841
2019-01-01,76.16,59.27,98.56,6.7863,6842.2,7612.1,6199.9,4.1,217566642.0,178409792.0,217168.3,42758.39,38.58740546,1.286700408,2.899234164,1.310715932,6.124995045,35.89009603
2019-02-01,88.22,64.13,95.42,6.7367,6842.2,7612.1,6199.9,-13.8,135200630.0,131119542.0,217168.3,42758.39,38.58740546,1.286700408,2.899234164,1.310715932,6.124995045,35.89009603
2019-03-01,86.47,66.41,93.12,6.7119,6977.6,8032.6,5697.9,3.1,198655790.0,165984372.0,217168.3,42758.39,38.58740546,1.286700408,2.899234164,1.310715932,6.124995045,35.89009603
2019-04-01,93.70,71.20,86.77,6.7161,6845.0,8503.2,5440.2,0.4,193481260.0,179647719.0,241502.6,101616.12,38.58740546,1.286700408,2.899234164,1.310715932,6.124995045,35.89009603
2019-05-01,100.15,70.53,82.32,6.8519,7078.7,8909.1,5589.0,-3.4,213845417.0,172187571.0,241502.6,101616.12,38.58740546,1.286700408,2.899234164,1.310715932,6.124995045,35.89009603
2019-06-01,108.94,63.30,72.49,6.8977,7313.4,8753.3,5833.9,-4.0,212835863.0,161859791.0,241502.6,101616.12,38.58740546,1.286700408,2.899234164,1.310715932,6.124995045,35.89009603
2019-07-01,120.24,64.00,72.08,6.8775,7399.6,8522.3,6573.1,-0.7,221553908.0,176940637.0,251046.3,162467.33,38.58740546,1.286700408,2.899234164,1.310715932,6.124995045,35.89009603
2019-08-01,93.07,59.25,65.55,7.0629,7429.6,8725.1,6682.4,-3.2,214786135.0,179959655.0,251046.3,162467.33,38.58740546,1.286700408,2.899234164,1.310715932,6.124995045,35.89009603
2019-09-01,93.08,62.33,65.95,7.1137,7737.1,8277.3,5908.4,-5.7,218123102.0,178474843.0,251046.3,162467.33,38.58740546,1.286700408,2.899234164,1.310715932,6.124995045,35.89009603
2019-10-01,88.53,59.37,69.20,7.0961,7804.8,8152.1,5714.2,-3.5,212916095.0,169898075.0,276798.0,248445.77,38.58740546,1.286700408,2.899234164,1.310715932,6.124995045,35.89009603
2019-11-01,84.98,62.74,66.99,7.0199,7924.5,8028.7,5889.8,-0.3,221337434.0,183411013.0,276798.0,248445.77,38.58740546,1.286700408,2.899234164,1.310715932,6.124995045,35.89009603
2019-12-01,92.65,65.85,66.18,7.0137,7517.7,8426.5,6544.2,11.5,238267589.0,191057245.0,276798.0,248445.77,38.58740546,1.286700408,2.899234164,1.310715932,6.124995045,35.89009603
2020-01-01,95.76,63.60,69.66,6.9184,7517.7,8426.5,6544.2,-7.3,238267589.0,191057245.0,205244.8,35916.59,37.84282172,0.492493918,2.419421895,1.723175549,1.704862924,34.7542957
2020-02-01,87.68,55.00,67.64,6.9967,7517.7,8426.5,6544.2,-11.0,238267589.0,191057245.0,205244.8,35916.59,37.84282172,0.492493918,2.419421895,1.723175549,1.704862924,34.7542957
2020-03-01,88.99,32.98,66.74,7.0205,7475.7,7897.5,5525.1,-4.0,185146228.0,165213108.0,205244.8,35916.59,37.84282172,0.492493918,2.419421895,1.723175549,1.704862924,34.7542957
2020-04-01,84.73,23.34,58.55,7.0708,7437.9,8503.3,5542.7,-5.1,200233629.0,154900580.0,248347.7,100840.12,37.84282172,0.492493918,2.419421895,1.723175549,1.704862924,34.7542957
2020-05-01,93.65,31.02,52.49,7.1016,7464.2,9226.7,5932.4,-9.3,206812825.0,143886746.0,248347.7,100840.12,37.84282172,0.492493918,2.419421895,1.723175549,1.704862924,34.7542957
2020-06-01,103.30,39.93,52.21,7.0816,7831.7,9252.0,6304.1,1.5,213574174.0,167152978.0,248347.7,100840.12,37.84282172,0.492493918,2.419421895,1.723175549,1.704862924,34.7542957
2020-07-01,108.52,42.81,51.56,7.0041,7302.7,9442.0,6801.2,3.4,237631279.0,175301874.0,264355.7,167927.0,37.84282172,0.492493918,2.419421895,1.723175549,1.704862924,34.7542957
2020-08-01,121.07,44.26,50.14,6.927,7699.9,9592.5,7238.3,4.2,235259186.0,176333799.0,264355.7,167927.0,37.84282172,0.492493918,2.419421895,1.723175549,1.704862924,34.7542957
2020-09-01,123.75,41.09,54.60,6.8106,7348.1,9357.7,6315.2,11.4,239757675.0,202759047.0,264355.7,167927.0,37.84282172,0.492493918,2.419421895,1.723175549,1.704862924,34.7542957
2020-10-01,119.78,40.47,58.40,6.7254,7842.1,9328.2,6094.5,8.4,237182561.0,178739425.0,295618.8,263947.04,37.84282172,0.492493918,2.419421895,1.723175549,1.704862924,34.7542957
2020-11-01,124.36,43.23,64.40,6.6029,7521.2,8766.0,6418.7,13.6,268074093.0,192673058.0,295618.8,263947.04,37.84282172,0.492493918,2.419421895,1.723175549,1.704862924,34.7542957
2020-12-01,155.43,49.87,83.03,6.5393,7702.1,9236.5,7277.2,12.9,281927726.0,203753955.0,295618.8,263947.04,37.84282172,0.492493918,2.419421895,1.723175549,1.704862924,34.7542957
2021-01-01,169.63,54.55,86.83,6.4672,7702.1,9236.5,7277.2,25.6,264018839.0,198640212.0,249200.2,47333.17,39.290772,4.552326579,0.981015136,1.930786223,8.5619992,37.30199087
2021-02-01,163.80,61.96,86.74,6.4601,7702.1,9236.5,7277.2,67.0,204855176.0,166975331.0,249200.2,47333.17,39.290772,4.552326579,0.981015136,1.930786223,8.5619992,37.30199087
2021-03-01,168.18,65.19,94.92,6.5109,8175.0,9402.1,6579.0,34.2,241134158.0,227336197.0,249200.2,47333.17,39.290772,4.552326579,0.981015136,1.930786223,8.5619992,37.30199087
2021-04-01,179.83,64.77,92.22,6.5186,8689.4,9784.6,6230.1,37.0,263923793.0,221063587.0,282849.2,119843.55,39.290772,4.552326579,0.981015136,1.930786223,8.5619992,37.30199087
2021-05-01,207.72,68.04,107.04,6.4321,8761.2,9945.4,6478.4,37.4,263922347.0,218382769.0,282849.2,119843.55,39.290772,4.552326579,0.981015136,1.930786223,8.5619992,37.30199087
2021-06-01,214.43,73.07,129.97,6.425,8786.9,9387.5,6860.5,34.2,281417178.0,229890607.0,282849.2,119843.55,39.290772,4.552326579,0.981015136,1.930786223,8.5619992,37.30199087
2021-07-01,214.14,74.39,151.97,6.4763,7992.9,8679.0,7586.2,23.1,282662343.0,226073489.0,291288.1,191283.37,39.290772,4.552326579,0.981015136,1.930786223,8.5619992,37.30199087
2021-08-01,162.16,70.02,169.58,6.4768,8391.5,8323.9,7383.5,28.8,294315479.0,235984248.0,291288.1,191283.37,39.290772,4.552326579,0.981015136,1.930786223,8.5619992,37.30199087
2021-09-01,124.52,74.60,185.69,6.4563,8469.8,7375.0,6751.2,23.3,305737341.0,238979506.0,291288.1,191283.37,39.290772,4.552326579,0.981015136,1.930786223,8.5619992,37.30199087
2021-10-01,122.91,83.65,224.51,6.4172,8012.7,7158.4,6393.5,24.3,300221418.0,215681597.0,325899.4,293027.42,39.290772,4.552326579,0.981015136,1.930786223,8.5619992,37.30199087
2021-11-01,96.24,80.77,157.48,6.3889,7839.6,6931.3,6540.4,26.1,325525287.0,253813881.0,325899.4,293027.42,39.290772,4.552326579,0.981015136,1.930786223,8.5619992,37.30199087
2021-12-01,116.96,74.31,169.65,6.3693,7851.2,8619.3,7233.7,20.3,340498780.0,246035373.0,325899.4,293027.42,39.290772,4.552326579,0.981015136,1.930786223,8.5619992,37.30199087
2022-01-01,132.53,85.53,196.95,6.3556,7851.2,8619.3,7233.7,22.2,327285953.0,241914340.0,270344.5,51698.97,39.32767173,1.785701642,1.973575557,1.007544256,3.067189441,38.35148058
2022-02-01,142.84,95.76,219.78,6.3436,7851.2,8619.3,7233.7,8.1,217416504.0,186832863.0,270344.5,51698.97,39.32767173,1.785701642,1.973575557,1.007544256,3.067189441,38.35148058
2022-03-01,152.07,115.59,314.04,6.3446,9476.2,8829.5,6701.7,7.5,276084613.0,228704260.0,270344.5,51698.97,39.32767173,1.785701642,1.973575557,1.007544256,3.067189441,38.35148058
2022-04-01,151.25,105.78,310.85,6.431,8579.4,9277.5,6085.7,2.1,273619664.0,222500588.0,292446.7,128979.79,39.32767173,1.785701642,1.973575557,1.007544256,3.067189441,38.35148058
2022-05-01,131.21,112.37,371.86,6.699,9780.5,9661.3,6410.2,11.1,308244886.0,229490725.0,292446.7,128979.79,39.32767173,1.785701642,1.973575557,1.007544256,3.067189441,38.35148058
2022-06-01,130.74,120.08,374.08,6.6952,9871.1,9073.0,7090.3,10.3,331264197.0,233322854.0,292446.7,128979.79,39.32767173,1.785701642,1.973575557,1.007544256,3.067189441,38.35148058
2022-07-01,108.57,108.92,402.20,6.7352,8022.7,8142.9,8059.2,11.0,332964256.0,231696993.0,307942.1,206245.92,39.32767173,1.785701642,1.973575557,1.007544256,3.067189441,38.35148058
2022-08-01,108.85,98.60,406.97,6.8007,8113.3,8386.8,8248.0,4.1,314920505.0,235527165.0,307942.1,206245.92,39.32767173,1.785701642,1.973575557,1.007544256,3.067189441,38.35148058
2022-09-01,99.81,90.16,430.81,7.0195,7897.6,8694.9,6830.0,3.4,322755333.0,238011751.0,307942.1,206245.92,39.32767173,1.785701642,1.973575557,1.007544256,3.067189441,38.35148058
2022-10-01,92.56,93.13,389.79,7.1902,7267.5,7975.9,6610.0,-0.4,298371747.0,213217901.0,333990.7,311979.84,39.32767173,1.785701642,1.973575557,1.007544256,3.067189441,38.35148058
2022-11-01,93.34,91.07,342.16,7.1812,7953.6,7454.4,6666.7,-9.5,295500770.0,226252602.0,333990.7,311979.84,39.32767173,1.785701642,1.973575557,1.007544256,3.067189441,38.35148058
2022-12-01,111.84,80.90,379.23,6.9717,7861.2,7788.9,7578.5,-8.9,306078766.0,228066170.0,333990.7,311979.84,39.32767173,1.785701642,1.973575557,1.007544256,3.067189441,38.35148058
